step,train_loss,train_acc,test_loss,test_acc,param_norm
0,3.940099,0.007812,3.945147,0.011190,19.1086
250,1.699505,0.777344,3.500428,0.002543,20.7587
500,1.510784,0.935547,3.743016,0.005086,22.2602
750,1.520060,0.943359,3.688210,0.011190,21.9404
1000,1.449956,0.984375,3.662474,0.012208,21.4544
1250,1.483413,0.957031,3.604426,0.015259,20.9367
1500,1.630934,0.830078,3.527599,0.019837,22.0133
1750,1.456349,0.968750,3.514320,0.028993,20.9285
2000,1.495546,0.937500,3.385062,0.034079,21.5218
2250,1.444342,0.986328,3.207186,0.054425,20.2216
2500,1.468956,0.988281,3.268043,0.057986,19.5359
2750,1.502442,0.904297,3.079896,0.089522,21.3370
3000,1.456501,0.986328,2.838165,0.133266,19.7071
3250,1.430368,0.994141,2.710372,0.203459,18.9717
3500,1.501023,0.937500,2.610622,0.279756,20.2168
3750,1.422062,0.998047,2.134611,0.744151,18.0700
4000,1.438415,0.996094,2.088526,0.822482,16.9805
4250,1.416334,1.000000,2.054102,0.908952,16.6773
4500,1.602579,0.796875,2.143318,0.591048,18.9666
4750,1.422069,0.996094,2.032992,0.892167,17.8663
5000,1.425965,1.000000,2.057106,0.922686,16.4612
5250,1.422313,0.998047,2.036184,0.895219,16.3144
5500,1.426811,0.994141,2.031560,0.933876,15.9066
5750,1.446636,0.970703,2.005841,0.829095,18.0811
6000,1.453902,0.990234,2.016298,0.894201,18.0328
6250,1.414739,1.000000,2.037386,0.946592,16.9267
6500,1.412688,1.000000,2.028396,0.962869,15.9445
6750,1.405703,1.000000,2.016335,0.963377,15.6963
7000,1.419312,1.000000,2.038010,0.967447,15.6227
7250,1.425592,0.980469,2.048559,0.892167,16.0840
7500,1.447849,0.968750,2.048957,0.854527,17.8780
7750,1.455349,0.998047,2.083058,0.927263,17.5336
8000,1.412120,1.000000,2.044830,0.964395,16.2078
8250,1.439535,0.996094,2.039077,0.940488,16.0936
8500,1.409326,1.000000,2.044534,0.957782,16.0991
8750,1.438398,1.000000,2.073441,0.961851,16.4886
9000,1.414431,1.000000,2.032064,0.964395,16.2947
9250,1.426255,1.000000,2.034748,0.956256,15.6303
9500,1.409089,1.000000,2.050785,0.961851,15.9646
9750,1.520514,0.886719,2.121611,0.790946,16.1445
10000,1.434309,0.976562,2.024989,0.914547,17.0512
10250,1.482200,0.951172,2.051057,0.803662,19.4970
10500,1.442526,0.970703,2.008264,0.889624,17.4546
10750,1.433243,0.984375,2.046726,0.928789,15.9146
11000,1.405626,1.000000,2.034712,0.979145,15.3076
11250,1.475278,0.925781,2.082981,0.832146,15.9432
11500,1.426078,1.000000,2.041217,0.954222,17.0138
11750,1.412452,1.000000,2.034997,0.963886,16.6976
12000,1.404890,1.000000,2.025061,0.972533,15.9773
