token,probability
0,0.000000
1,0.000000
2,0.000003
3,0.000020
4,0.000001
5,0.011483
6,0.046315
7,0.000000
8,0.000000
9,0.000127
10,0.000000
11,0.000000
12,0.000006
13,0.000002
14,0.000257
15,0.000062
16,0.000012
17,0.031439
18,0.000003
19,0.000000
20,0.000003
21,0.000007
22,0.000000
23,0.000002
24,0.003424
25,0.000029
26,0.000006
27,0.000088
28,0.000006
29,0.000004
30,0.000000
31,0.000000
32,0.000172
33,0.000000
34,0.000000
35,0.004746
36,0.003551
37,0.000000
38,0.000447
39,0.000009
40,0.000000
41,0.000000
42,0.000000
43,0.000000
44,0.000061
45,0.000000
46,0.000002
47,0.897534
48,0.000011
49,0.000000
50,0.000170
51,0.000000
52,0.000000
